[{"properties":{"css.customData":{"markdownDescription":"%css.customData.desc%","default":[],"items":{"type":"string"},"scope":"resource","type":"array"},"css.completion.triggerPropertyValueCompletion":{"scope":"resource","description":"%css.completion.triggerPropertyValueCompletion.desc%","default":true,"type":"boolean"},"css.completion.completePropertyWithSemicolon":{"scope":"resource","description":"%css.completion.completePropertyWithSemicolon.desc%","default":true,"type":"boolean"},"css.lint.ieHack":{"enum":["ignore","warning","error"],"default":"ignore","type":"string","scope":"resource","description":"%css.lint.ieHack.desc%"},"css.validate":{"scope":"resource","description":"%css.validate.desc%","default":true,"type":"boolean"},"css.hover.documentation":{"scope":"resource","description":"%css.hover.documentation%","default":true,"type":"boolean"},"css.hover.references":{"scope":"resource","description":"%css.hover.references%","default":true,"type":"boolean"},"css.lint.compatibleVendorPrefixes":{"enum":["ignore","warning","error"],"default":"ignore","type":"string","scope":"resource","description":"%css.lint.compatibleVendorPrefixes.desc%"},"css.lint.vendorPrefix":{"enum":["ignore","warning","error"],"default":"warning","type":"string","scope":"resource","description":"%css.lint.vendorPrefix.desc%"},"css.lint.duplicateProperties":{"enum":["ignore","warning","error"],"default":"ignore","type":"string","scope":"resource","description":"%css.lint.duplicateProperties.desc%"},"css.lint.emptyRules":{"enum":["ignore","warning","error"],"default":"warning","type":"string","scope":"resource","description":"%css.lint.emptyRules.desc%"},"css.lint.importStatement":{"enum":["ignore","warning","error"],"default":"ignore","type":"string","scope":"resource","description":"%css.lint.importStatement.desc%"},"css.lint.boxModel":{"enum":["ignore","warning","error"],"default":"ignore","type":"string","scope":"resource","markdownDescription":"%css.lint.boxModel.desc%"},"css.lint.universalSelector":{"enum":["ignore","warning","error"],"default":"ignore","type":"string","scope":"resource","markdownDescription":"%css.lint.universalSelector.desc%"},"css.lint.zeroUnits":{"enum":["ignore","warning","error"],"default":"ignore","type":"string","scope":"resource","description":"%css.lint.zeroUnits.desc%"},"css.lint.fontFaceProperties":{"enum":["ignore","warning","error"],"default":"warning","type":"string","scope":"resource","markdownDescription":"%css.lint.fontFaceProperties.desc%"},"css.lint.hexColorLength":{"enum":["ignore","warning","error"],"default":"error","type":"string","scope":"resource","description":"%css.lint.hexColorLength.desc%"},"css.lint.unknownVendorSpecificProperties":{"enum":["ignore","warning","error"],"default":"ignore","type":"string","scope":"resource","description":"%css.lint.unknownVendorSpecificProperties.desc%"},"css.lint.propertyIgnoredDueToDisplay":{"enum":["ignore","warning","error"],"default":"warning","type":"string","scope":"resource","markdownDescription":"%css.lint.propertyIgnoredDueToDisplay.desc%"},"css.lint.important":{"enum":["ignore","warning","error"],"default":"ignore","type":"string","scope":"resource","markdownDescription":"%css.lint.important.desc%"},"css.lint.float":{"enum":["ignore","warning","error"],"default":"ignore","type":"string","scope":"resource","markdownDescription":"%css.lint.float.desc%"},"css.lint.idSelector":{"enum":["ignore","warning","error"],"default":"ignore","type":"string","scope":"resource","description":"%css.lint.idSelector.desc%"},"css.lint.unknownAtRules":{"enum":["ignore","warning","error"],"default":"warning","type":"string","scope":"resource","description":"%css.lint.unknownAtRules.desc%"},"css.trace.server":{"enum":["off","messages","verbose"],"default":"off","type":"string","scope":"window","description":"%css.trace.server.desc%"},"css.format.enable":{"scope":"window","description":"%css.format.enable.desc%","default":true,"type":"boolean"},"css.format.newlineBetweenSelectors":{"scope":"resource","markdownDescription":"%css.format.newlineBetweenSelectors.desc%","default":true,"type":"boolean"},"css.format.newlineBetweenRules":{"scope":"resource","markdownDescription":"%css.format.newlineBetweenRules.desc%","default":true,"type":"boolean"},"css.format.spaceAroundSelectorSeparator":{"scope":"resource","markdownDescription":"%css.format.spaceAroundSelectorSeparator.desc%","default":false,"type":"boolean"},"css.format.braceStyle":{"enum":["collapse","expand"],"default":"collapse","type":"string","scope":"resource","markdownDescription":"%css.format.braceStyle.desc%"},"css.lint.validProperties":{"default":[],"items":{"type":"string"},"scope":"resource","description":"%css.lint.validProperties.desc%","type":"array","uniqueItems":true},"css.lint.argumentsInColorFunction":{"enum":["ignore","warning","error"],"default":"error","type":"string","scope":"resource","description":"%css.lint.argumentsInColorFunction.desc%"},"css.format.preserveNewLines":{"scope":"resource","markdownDescription":"%css.format.preserveNewLines.desc%","default":true,"type":"boolean"},"css.lint.unknownProperties":{"enum":["ignore","warning","error"],"default":"warning","type":"string","scope":"resource","description":"%css.lint.unknownProperties.desc%"},"css.format.maxPreserveNewLines":{"scope":"resource","markdownDescription":"%css.format.maxPreserveNewLines.desc%","default":null,"type":["number","null"]}},"title":"%css.title%","id":"css","order":22},{"properties":{"scss.lint.argumentsInColorFunction":{"enum":["ignore","warning","error"],"default":"error","type":"string","scope":"resource","description":"%scss.lint.argumentsInColorFunction.desc%"},"scss.format.maxPreserveNewLines":{"scope":"resource","markdownDescription":"%scss.format.maxPreserveNewLines.desc%","default":null,"type":["number","null"]},"scss.completion.triggerPropertyValueCompletion":{"scope":"resource","description":"%scss.completion.triggerPropertyValueCompletion.desc%","default":true,"type":"boolean"},"scss.format.preserveNewLines":{"scope":"resource","markdownDescription":"%scss.format.preserveNewLines.desc%","default":true,"type":"boolean"},"scss.completion.completePropertyWithSemicolon":{"scope":"resource","description":"%scss.completion.completePropertyWithSemicolon.desc%","default":true,"type":"boolean"},"scss.format.braceStyle":{"enum":["collapse","expand"],"default":"collapse","type":"string","scope":"resource","markdownDescription":"%scss.format.braceStyle.desc%"},"scss.validate":{"scope":"resource","description":"%scss.validate.desc%","default":true,"type":"boolean"},"scss.format.spaceAroundSelectorSeparator":{"scope":"resource","markdownDescription":"%scss.format.spaceAroundSelectorSeparator.desc%","default":false,"type":"boolean"},"scss.hover.documentation":{"scope":"resource","description":"%scss.hover.documentation%","default":true,"type":"boolean"},"scss.format.newlineBetweenRules":{"scope":"resource","markdownDescription":"%scss.format.newlineBetweenRules.desc%","default":true,"type":"boolean"},"scss.hover.references":{"scope":"resource","description":"%scss.hover.references%","default":true,"type":"boolean"},"scss.format.newlineBetweenSelectors":{"scope":"resource","markdownDescription":"%scss.format.newlineBetweenSelectors.desc%","default":true,"type":"boolean"},"scss.lint.compatibleVendorPrefixes":{"enum":["ignore","warning","error"],"default":"ignore","type":"string","scope":"resource","description":"%scss.lint.compatibleVendorPrefixes.desc%"},"scss.format.enable":{"scope":"window","description":"%scss.format.enable.desc%","default":true,"type":"boolean"},"scss.lint.vendorPrefix":{"enum":["ignore","warning","error"],"default":"warning","type":"string","scope":"resource","description":"%scss.lint.vendorPrefix.desc%"},"scss.lint.unknownAtRules":{"enum":["ignore","warning","error"],"default":"warning","type":"string","scope":"resource","description":"%scss.lint.unknownAtRules.desc%"},"scss.lint.duplicateProperties":{"enum":["ignore","warning","error"],"default":"ignore","type":"string","scope":"resource","description":"%scss.lint.duplicateProperties.desc%"},"scss.lint.idSelector":{"enum":["ignore","warning","error"],"default":"ignore","type":"string","scope":"resource","description":"%scss.lint.idSelector.desc%"},"scss.lint.emptyRules":{"enum":["ignore","warning","error"],"default":"warning","type":"string","scope":"resource","description":"%scss.lint.emptyRules.desc%"},"scss.lint.float":{"enum":["ignore","warning","error"],"default":"ignore","type":"string","scope":"resource","markdownDescription":"%scss.lint.float.desc%"},"scss.lint.importStatement":{"enum":["ignore","warning","error"],"default":"ignore","type":"string","scope":"resource","description":"%scss.lint.importStatement.desc%"},"scss.lint.important":{"enum":["ignore","warning","error"],"default":"ignore","type":"string","scope":"resource","markdownDescription":"%scss.lint.important.desc%"},"scss.lint.boxModel":{"enum":["ignore","warning","error"],"default":"ignore","type":"string","scope":"resource","markdownDescription":"%scss.lint.boxModel.desc%"},"scss.lint.propertyIgnoredDueToDisplay":{"enum":["ignore","warning","error"],"default":"warning","type":"string","scope":"resource","markdownDescription":"%scss.lint.propertyIgnoredDueToDisplay.desc%"},"scss.lint.universalSelector":{"enum":["ignore","warning","error"],"default":"ignore","type":"string","scope":"resource","markdownDescription":"%scss.lint.universalSelector.desc%"},"scss.lint.unknownVendorSpecificProperties":{"enum":["ignore","warning","error"],"default":"ignore","type":"string","scope":"resource","description":"%scss.lint.unknownVendorSpecificProperties.desc%"},"scss.lint.zeroUnits":{"enum":["ignore","warning","error"],"default":"ignore","type":"string","scope":"resource","description":"%scss.lint.zeroUnits.desc%"},"scss.lint.ieHack":{"enum":["ignore","warning","error"],"default":"ignore","type":"string","scope":"resource","description":"%scss.lint.ieHack.desc%"},"scss.lint.fontFaceProperties":{"enum":["ignore","warning","error"],"default":"warning","type":"string","scope":"resource","markdownDescription":"%scss.lint.fontFaceProperties.desc%"},"scss.lint.validProperties":{"default":[],"items":{"type":"string"},"scope":"resource","description":"%scss.lint.validProperties.desc%","type":"array","uniqueItems":true},"scss.lint.hexColorLength":{"enum":["ignore","warning","error"],"default":"error","type":"string","scope":"resource","description":"%scss.lint.hexColorLength.desc%"},"scss.lint.unknownProperties":{"enum":["ignore","warning","error"],"default":"warning","type":"string","scope":"resource","description":"%scss.lint.unknownProperties.desc%"}},"title":"%scss.title%","id":"scss","order":24},{"type":"object","properties":{"less.format.maxPreserveNewLines":{"scope":"resource","markdownDescription":"%less.format.maxPreserveNewLines.desc%","default":null,"type":["number","null"]},"less.lint.argumentsInColorFunction":{"enum":["ignore","warning","error"],"default":"error","type":"string","scope":"resource","description":"%less.lint.argumentsInColorFunction.desc%"},"less.format.preserveNewLines":{"scope":"resource","markdownDescription":"%less.format.preserveNewLines.desc%","default":true,"type":"boolean"},"less.completion.triggerPropertyValueCompletion":{"scope":"resource","description":"%less.completion.triggerPropertyValueCompletion.desc%","default":true,"type":"boolean"},"less.format.braceStyle":{"enum":["collapse","expand"],"default":"collapse","type":"string","scope":"resource","markdownDescription":"%less.format.braceStyle.desc%"},"less.completion.completePropertyWithSemicolon":{"scope":"resource","description":"%less.completion.completePropertyWithSemicolon.desc%","default":true,"type":"boolean"},"less.format.spaceAroundSelectorSeparator":{"scope":"resource","markdownDescription":"%less.format.spaceAroundSelectorSeparator.desc%","default":false,"type":"boolean"},"less.validate":{"scope":"resource","description":"%less.validate.desc%","default":true,"type":"boolean"},"less.format.newlineBetweenRules":{"scope":"resource","markdownDescription":"%less.format.newlineBetweenRules.desc%","default":true,"type":"boolean"},"less.hover.documentation":{"scope":"resource","description":"%less.hover.documentation%","default":true,"type":"boolean"},"less.format.newlineBetweenSelectors":{"scope":"resource","markdownDescription":"%less.format.newlineBetweenSelectors.desc%","default":true,"type":"boolean"},"less.hover.references":{"scope":"resource","description":"%less.hover.references%","default":true,"type":"boolean"},"less.format.enable":{"scope":"window","description":"%less.format.enable.desc%","default":true,"type":"boolean"},"less.lint.compatibleVendorPrefixes":{"enum":["ignore","warning","error"],"default":"ignore","type":"string","scope":"resource","description":"%less.lint.compatibleVendorPrefixes.desc%"},"less.lint.unknownAtRules":{"enum":["ignore","warning","error"],"default":"warning","type":"string","scope":"resource","description":"%less.lint.unknownAtRules.desc%"},"less.lint.vendorPrefix":{"enum":["ignore","warning","error"],"default":"warning","type":"string","scope":"resource","description":"%less.lint.vendorPrefix.desc%"},"less.lint.idSelector":{"enum":["ignore","warning","error"],"default":"ignore","type":"string","scope":"resource","description":"%less.lint.idSelector.desc%"},"less.lint.duplicateProperties":{"enum":["ignore","warning","error"],"default":"ignore","type":"string","scope":"resource","description":"%less.lint.duplicateProperties.desc%"},"less.lint.float":{"enum":["ignore","warning","error"],"default":"ignore","type":"string","scope":"resource","markdownDescription":"%less.lint.float.desc%"},"less.lint.emptyRules":{"enum":["ignore","warning","error"],"default":"warning","type":"string","scope":"resource","description":"%less.lint.emptyRules.desc%"},"less.lint.important":{"enum":["ignore","warning","error"],"default":"ignore","type":"string","scope":"resource","markdownDescription":"%less.lint.important.desc%"},"less.lint.importStatement":{"enum":["ignore","warning","error"],"default":"ignore","type":"string","scope":"resource","description":"%less.lint.importStatement.desc%"},"less.lint.propertyIgnoredDueToDisplay":{"enum":["ignore","warning","error"],"default":"warning","type":"string","scope":"resource","markdownDescription":"%less.lint.propertyIgnoredDueToDisplay.desc%"},"less.lint.boxModel":{"enum":["ignore","warning","error"],"default":"ignore","type":"string","scope":"resource","markdownDescription":"%less.lint.boxModel.desc%"},"less.lint.unknownVendorSpecificProperties":{"enum":["ignore","warning","error"],"default":"ignore","type":"string","scope":"resource","description":"%less.lint.unknownVendorSpecificProperties.desc%"},"less.lint.universalSelector":{"enum":["ignore","warning","error"],"default":"ignore","type":"string","scope":"resource","markdownDescription":"%less.lint.universalSelector.desc%"},"less.lint.ieHack":{"enum":["ignore","warning","error"],"default":"ignore","type":"string","scope":"resource","description":"%less.lint.ieHack.desc%"},"less.lint.zeroUnits":{"enum":["ignore","warning","error"],"default":"ignore","type":"string","scope":"resource","description":"%less.lint.zeroUnits.desc%"},"less.lint.validProperties":{"default":[],"items":{"type":"string"},"scope":"resource","description":"%less.lint.validProperties.desc%","type":"array","uniqueItems":true},"less.lint.fontFaceProperties":{"enum":["ignore","warning","error"],"default":"warning","type":"string","scope":"resource","markdownDescription":"%less.lint.fontFaceProperties.desc%"},"less.lint.unknownProperties":{"enum":["ignore","warning","error"],"default":"warning","type":"string","scope":"resource","description":"%less.lint.unknownProperties.desc%"},"less.lint.hexColorLength":{"enum":["ignore","warning","error"],"default":"error","type":"string","scope":"resource","description":"%less.lint.hexColorLength.desc%"}},"id":"less","title":"%less.title%","order":23}]