{"title":"Angular Language Service","properties":{"angular.log":{"description":"Enables logging of the Angular server to a file. This log can be used to diagnose Angular Server issues. The log may contain file paths, source code, and other potentially sensitive information from your project.","enum":["off","terse","normal","verbose"],"default":"off","type":"string"},"angular.suppressAngularDiagnosticCodes":{"type":"string","markdownDescription":"A comma-separated list of error codes in templates whose diagnostics should be ignored.","default":""},"angular.suggest.includeAutomaticOptionalChainCompletions":{"type":"boolean","markdownDescription":"Enable showing completions on potentially undefined values that insert an optional chain call. Requires TS 3.7+ and strict null checks to be enabled.","default":true},"angular.view-engine":{"description":"Use legacy View Engine language service. This option is incompatible with projects using Angular v13 and above.","type":"boolean","default":false},"angular.suggest.includeCompletionsWithSnippetText":{"type":"boolean","markdownDescription":"Enable snippet completions from Angular language server. Requires using TypeScript 4.3+ in the workspace.","default":true},"angular.enable-strict-mode-prompt":{"type":"boolean","markdownDescription":"Prompt to enable the [strictTemplates](https://angular.io/guide/angular-compiler-options#stricttemplates) flag in [angularCompilerOptions](https://angular.io/guide/angular-compiler-options). Note that strict mode is only available when using Ivy.","default":true},"angular.forceStrictTemplates":{"type":"boolean","markdownDescription":"Enabling this option will force the language service to use [strictTemplates](https://angular.io/guide/angular-compiler-options#stricttemplates) and ignore the user settings in the `tsconfig.json`.","default":false},"angular.trace.server":{"enum":["off","messages","verbose"],"type":"string","scope":"window","description":"Traces the communication between VS Code and the Angular language server.","default":"off"}}}