{"type":"object","title":"Lua","properties":{"Lua.hover.expandAlias":{"markdownDescription":"%config.hover.expandAlias%","scope":"resource","default":true,"type":"boolean"},"Lua.hover.previewFields":{"markdownDescription":"%config.hover.previewFields%","scope":"resource","default":10,"type":"integer"},"Lua.hover.viewNumber":{"markdownDescription":"%config.hover.viewNumber%","scope":"resource","default":true,"type":"boolean"},"Lua.hover.viewString":{"markdownDescription":"%config.hover.viewString%","scope":"resource","default":true,"type":"boolean"},"Lua.hover.viewStringMax":{"markdownDescription":"%config.hover.viewStringMax%","scope":"resource","default":1000,"type":"integer"},"Lua.language.completeAnnotation":{"markdownDescription":"%config.language.completeAnnotation%","scope":"resource","default":true,"type":"boolean"},"Lua.runtime.path":{"markdownDescription":"%config.runtime.path%","default":["?.lua","?/init.lua"],"items":{"type":"string"},"scope":"resource","type":"array"},"Lua.language.fixIndent":{"markdownDescription":"%config.language.fixIndent%","scope":"resource","default":true,"type":"boolean"},"Lua.runtime.pathStrict":{"markdownDescription":"%config.runtime.pathStrict%","scope":"resource","default":false,"type":"boolean"},"Lua.window.statusBar":{"markdownDescription":"%config.window.statusBar%","scope":"resource","default":true,"type":"boolean"},"Lua.runtime.pluginArgs":{"markdownDescription":"%config.runtime.pluginArgs%","scope":"resource","type":["array","object"]},"Lua.runtime.special":{"additionalProperties":false,"default":{},"type":"object","patternProperties":{".*":{"enum":["_G","rawset","rawget","setmetatable","require","dofile","loadfile","pcall","xpcall","assert","error","type","os.exit"],"default":"require","type":"string"}},"scope":"resource","title":"special","markdownDescription":"%config.runtime.special%"},"Lua.runtime.unicodeName":{"markdownDescription":"%config.runtime.unicodeName%","scope":"resource","default":false,"type":"boolean"},"Lua.runtime.version":{"enum":["Lua 5.1","Lua 5.2","Lua 5.3","Lua 5.4","LuaJIT"],"default":"Lua 5.4","type":"string","scope":"resource","markdownEnumDescriptions":["%config.runtime.version.Lua 5.1%","%config.runtime.version.Lua 5.2%","%config.runtime.version.Lua 5.3%","%config.runtime.version.Lua 5.4%","%config.runtime.version.LuaJIT%"],"markdownDescription":"%config.runtime.version%"},"Lua.workspace.maxPreload":{"markdownDescription":"%config.workspace.maxPreload%","scope":"resource","default":5000,"type":"integer"},"Lua.workspace.preloadFileSize":{"markdownDescription":"%config.workspace.preloadFileSize%","scope":"resource","default":500,"type":"integer"},"Lua.workspace.useGitIgnore":{"markdownDescription":"%config.workspace.useGitIgnore%","scope":"resource","default":true,"type":"boolean"},"Lua.workspace.userThirdParty":{"markdownDescription":"%config.workspace.userThirdParty%","default":[],"items":{"type":"string"},"scope":"resource","type":"array"},"Lua.semantic.annotation":{"markdownDescription":"%config.semantic.annotation%","scope":"resource","default":true,"type":"boolean"},"Lua.semantic.enable":{"markdownDescription":"%config.semantic.enable%","scope":"resource","default":true,"type":"boolean"},"Lua.semantic.keyword":{"markdownDescription":"%config.semantic.keyword%","scope":"resource","default":false,"type":"boolean"},"Lua.semantic.variable":{"markdownDescription":"%config.semantic.variable%","scope":"resource","default":true,"type":"boolean"},"Lua.signatureHelp.enable":{"markdownDescription":"%config.signatureHelp.enable%","scope":"resource","default":true,"type":"boolean"},"Lua.runtime.plugin":{"markdownDescription":"%config.runtime.plugin%","scope":"resource","type":["string","array"]},"Lua.misc.executablePath":{"markdownDescription":"%config.misc.executablePath%","scope":"resource","default":"","type":"string"},"Lua.misc.parameters":{"markdownDescription":"%config.misc.parameters%","default":[],"items":{"type":"string"},"scope":"resource","type":"array"},"Lua.completion.enable":{"markdownDescription":"%config.completion.enable%","scope":"resource","default":true,"type":"boolean"},"Lua.completion.keywordSnippet":{"enum":["Disable","Both","Replace"],"default":"Replace","type":"string","scope":"resource","markdownEnumDescriptions":["%config.completion.keywordSnippet.Disable%","%config.completion.keywordSnippet.Both%","%config.completion.keywordSnippet.Replace%"],"markdownDescription":"%config.completion.keywordSnippet%"},"Lua.completion.postfix":{"markdownDescription":"%config.completion.postfix%","scope":"resource","default":"@","type":"string"},"Lua.completion.requireSeparator":{"markdownDescription":"%config.completion.requireSeparator%","scope":"resource","default":".","type":"string"},"Lua.completion.showParams":{"markdownDescription":"%config.completion.showParams%","scope":"resource","default":true,"type":"boolean"},"Lua.completion.showWord":{"enum":["Enable","Fallback","Disable"],"default":"Fallback","type":"string","scope":"resource","markdownEnumDescriptions":["%config.completion.showWord.Enable%","%config.completion.showWord.Fallback%","%config.completion.showWord.Disable%"],"markdownDescription":"%config.completion.showWord%"},"Lua.addonManager.enable":{"markdownDescription":"%config.addonManager.enable%","scope":"resource","default":true,"type":"boolean"},"Lua.diagnostics.unusedLocalExclude":{"markdownDescription":"%config.diagnostics.unusedLocalExclude%","default":[],"items":{"type":"string"},"scope":"resource","type":"array"},"Lua.addonManager.repositoryBranch":{"markdownDescription":"%config.addonManager.repositoryBranch%","scope":"resource","default":"","type":"string"},"Lua.diagnostics.workspaceDelay":{"markdownDescription":"%config.diagnostics.workspaceDelay%","scope":"resource","default":3000,"type":"integer"},"Lua.diagnostics.disable":{"markdownDescription":"%config.diagnostics.disable%","default":[],"items":{"enum":["action-after-return","ambiguity-1","ambiguous-syntax","args-after-dots","assign-type-mismatch","await-in-sync","block-after-else","break-outside","cast-local-type","cast-type-mismatch","circle-doc-class","close-non-object","code-after-break","codestyle-check","count-down-loop","deprecated","different-requires","discard-returns","doc-field-no-class","duplicate-doc-alias","duplicate-doc-field","duplicate-doc-param","duplicate-index","duplicate-set-field","empty-block","err-assign-as-eq","err-c-long-comment","err-comment-prefix","err-do-as-then","err-eq-as-assign","err-esc","err-nonstandard-symbol","err-then-as-do","exp-in-action","global-element","global-in-nil-env","incomplete-signature-doc","index-in-func-name","inject-field","invisible","jump-local-scope","keyword","local-limit","lowercase-global","lua-doc-miss-sign","luadoc-error-diag-mode","luadoc-miss-alias-extends","luadoc-miss-alias-name","luadoc-miss-arg-name","luadoc-miss-cate-name","luadoc-miss-class-extends-name","luadoc-miss-class-name","luadoc-miss-diag-mode","luadoc-miss-diag-name","luadoc-miss-field-extends","luadoc-miss-field-name","luadoc-miss-fun-after-overload","luadoc-miss-generic-name","luadoc-miss-local-name","luadoc-miss-module-name","luadoc-miss-operator-name","luadoc-miss-param-extends","luadoc-miss-param-name","luadoc-miss-see-name","luadoc-miss-sign-name","luadoc-miss-symbol","luadoc-miss-type-name","luadoc-miss-vararg-type","luadoc-miss-version","malformed-number","miss-end","miss-esc-x","miss-exp","miss-exponent","miss-field","miss-loop-max","miss-loop-min","miss-method","miss-name","miss-sep-in-table","miss-space-between","miss-symbol","missing-fields","missing-global-doc","missing-local-export-doc","missing-parameter","missing-return","missing-return-value","name-style-check","need-check-nil","need-paren","nesting-long-mark","newfield-call","newline-call","no-unknown","no-visible-label","not-yieldable","param-type-mismatch","redefined-label","redefined-local","redundant-parameter","redundant-return","redundant-return-value","redundant-value","return-type-mismatch","set-const","spell-check","trailing-space","unbalanced-assignments","undefined-doc-class","undefined-doc-name","undefined-doc-param","undefined-env-child","undefined-field","undefined-global","unexpect-dots","unexpect-efunc-name","unexpect-lfunc-name","unexpect-symbol","unicode-name","unknown-attribute","unknown-cast-variable","unknown-diag-code","unknown-operator","unknown-symbol","unreachable-code","unsupport-symbol","unused-function","unused-label","unused-local","unused-vararg"],"type":"string"},"scope":"resource","type":"array"},"Lua.diagnostics.workspaceEvent":{"enum":["OnChange","OnSave","None"],"default":"OnSave","type":"string","scope":"resource","markdownEnumDescriptions":["%config.diagnostics.workspaceEvent.OnChange%","%config.diagnostics.workspaceEvent.OnSave%","%config.diagnostics.workspaceEvent.None%"],"markdownDescription":"%config.diagnostics.workspaceEvent%"},"Lua.codeLens.enable":{"markdownDescription":"%config.codeLens.enable%","scope":"resource","default":false,"type":"boolean"},"Lua.diagnostics.disableScheme":{"markdownDescription":"%config.diagnostics.disableScheme%","default":["git"],"items":{"type":"string"},"scope":"resource","type":"array"},"Lua.completion.autoRequire":{"markdownDescription":"%config.completion.autoRequire%","scope":"resource","default":true,"type":"boolean"},"Lua.diagnostics.enable":{"markdownDescription":"%config.diagnostics.enable%","scope":"resource","default":true,"type":"boolean"},"Lua.completion.callSnippet":{"enum":["Disable","Both","Replace"],"default":"Disable","type":"string","scope":"resource","markdownEnumDescriptions":["%config.completion.callSnippet.Disable%","%config.completion.callSnippet.Both%","%config.completion.callSnippet.Replace%"],"markdownDescription":"%config.completion.callSnippet%"},"Lua.diagnostics.globals":{"markdownDescription":"%config.diagnostics.globals%","default":[],"items":{"type":"string"},"scope":"resource","type":"array"},"Lua.diagnostics.workspaceRate":{"markdownDescription":"%config.diagnostics.workspaceRate%","scope":"resource","default":100,"type":"integer"},"Lua.diagnostics.globalsRegex":{"markdownDescription":"%config.diagnostics.globalsRegex%","default":[],"items":{"type":"string"},"scope":"resource","type":"array"},"Lua.doc.packageName":{"markdownDescription":"%config.doc.packageName%","default":[],"items":{"type":"string"},"scope":"resource","type":"array"},"Lua.diagnostics.groupFileStatus":{"additionalProperties":false,"properties":{"await":{"enum":["Any","Opened","None","Fallback"],"description":"%config.diagnostics.await%","default":"Fallback","type":"string"},"strong":{"enum":["Any","Opened","None","Fallback"],"description":"%config.diagnostics.strong%","default":"Fallback","type":"string"},"ambiguity":{"enum":["Any","Opened","None","Fallback"],"description":"%config.diagnostics.ambiguity%","default":"Fallback","type":"string"},"type-check":{"enum":["Any","Opened","None","Fallback"],"description":"%config.diagnostics.type-check%","default":"Fallback","type":"string"},"strict":{"enum":["Any","Opened","None","Fallback"],"description":"%config.diagnostics.strict%","default":"Fallback","type":"string"},"unbalanced":{"enum":["Any","Opened","None","Fallback"],"description":"%config.diagnostics.unbalanced%","default":"Fallback","type":"string"},"codestyle":{"enum":["Any","Opened","None","Fallback"],"description":"%config.diagnostics.codestyle%","default":"Fallback","type":"string"},"unused":{"enum":["Any","Opened","None","Fallback"],"description":"%config.diagnostics.unused%","default":"Fallback","type":"string"},"conventions":{"enum":["Any","Opened","None","Fallback"],"description":"%config.diagnostics.conventions%","default":"Fallback","type":"string"},"global":{"enum":["Any","Opened","None","Fallback"],"description":"%config.diagnostics.global%","default":"Fallback","type":"string"},"duplicate":{"enum":["Any","Opened","None","Fallback"],"description":"%config.diagnostics.duplicate%","default":"Fallback","type":"string"},"redefined":{"enum":["Any","Opened","None","Fallback"],"description":"%config.diagnostics.redefined%","default":"Fallback","type":"string"},"luadoc":{"enum":["Any","Opened","None","Fallback"],"description":"%config.diagnostics.luadoc%","default":"Fallback","type":"string"}},"scope":"resource","type":"object","title":"groupFileStatus","markdownDescription":"%config.diagnostics.groupFileStatus%"},"Lua.doc.privateName":{"markdownDescription":"%config.doc.privateName%","default":[],"items":{"type":"string"},"scope":"resource","type":"array"},"Lua.doc.protectedName":{"markdownDescription":"%config.doc.protectedName%","default":[],"items":{"type":"string"},"scope":"resource","type":"array"},"Lua.doc.regengine":{"enum":["glob","lua"],"default":"glob","type":"string","scope":"resource","markdownEnumDescriptions":["%config.doc.regengine.glob%","%config.doc.regengine.lua%"],"markdownDescription":"%config.doc.regengine%"},"Lua.nameStyle.config":{"additionalProperties":false,"default":{},"type":"object","patternProperties":{".*":{"type":["string","array"]}},"scope":"resource","title":"config","markdownDescription":"%config.nameStyle.config%"},"Lua.docScriptPath":{"markdownDescription":"%config.docScriptPath%","scope":"resource","default":"","type":"string"},"Lua.format.defaultConfig":{"additionalProperties":false,"default":{},"type":"object","patternProperties":{".*":{"default":"","type":"string"}},"scope":"resource","title":"defaultConfig","markdownDescription":"%config.format.defaultConfig%"},"Lua.workspace.library":{"markdownDescription":"%config.workspace.library%","default":[],"items":{"type":"string"},"scope":"resource","type":"array"},"Lua.workspace.ignoreSubmodules":{"markdownDescription":"%config.workspace.ignoreSubmodules%","scope":"resource","default":true,"type":"boolean"},"Lua.format.enable":{"markdownDescription":"%config.format.enable%","scope":"resource","default":true,"type":"boolean"},"Lua.workspace.ignoreDir":{"markdownDescription":"%config.workspace.ignoreDir%","default":[".vscode"],"items":{"type":"string"},"scope":"resource","type":"array"},"Lua.hint.arrayIndex":{"enum":["Enable","Auto","Disable"],"default":"Auto","type":"string","scope":"resource","markdownEnumDescriptions":["%config.hint.arrayIndex.Enable%","%config.hint.arrayIndex.Auto%","%config.hint.arrayIndex.Disable%"],"markdownDescription":"%config.hint.arrayIndex%"},"Lua.workspace.checkThirdParty":{"markdownDescription":"%config.workspace.checkThirdParty%","scope":"resource","type":["string","boolean"]},"Lua.window.progressBar":{"markdownDescription":"%config.window.progressBar%","scope":"resource","default":true,"type":"boolean"},"Lua.typeFormat.config":{"additionalProperties":false,"properties":{"auto_complete_table_sep":{"description":"%config.typeFormat.config.auto_complete_table_sep%","default":"true","type":"string"},"format_line":{"description":"%config.typeFormat.config.format_line%","default":"true","type":"string"},"auto_complete_end":{"description":"%config.typeFormat.config.auto_complete_end%","default":"true","type":"string"}},"scope":"resource","type":"object","title":"config","markdownDescription":"%config.typeFormat.config%"},"Lua.type.weakUnionCheck":{"markdownDescription":"%config.type.weakUnionCheck%","scope":"resource","default":false,"type":"boolean"},"Lua.type.weakNilCheck":{"markdownDescription":"%config.type.weakNilCheck%","scope":"resource","default":false,"type":"boolean"},"Lua.hint.await":{"markdownDescription":"%config.hint.await%","scope":"resource","default":true,"type":"boolean"},"Lua.type.inferTableSize":{"markdownDescription":"%config.type.inferTableSize%","scope":"resource","default":10,"type":"integer"},"Lua.hint.awaitPropagate":{"markdownDescription":"%config.hint.awaitPropagate%","scope":"resource","default":false,"type":"boolean"},"Lua.type.inferParamType":{"markdownDescription":"%config.type.inferParamType%","scope":"resource","default":false,"type":"boolean"},"Lua.diagnostics.groupSeverity":{"additionalProperties":false,"properties":{"await":{"enum":["Error","Warning","Information","Hint","Fallback"],"description":"%config.diagnostics.await%","default":"Fallback","type":"string"},"strong":{"enum":["Error","Warning","Information","Hint","Fallback"],"description":"%config.diagnostics.strong%","default":"Fallback","type":"string"},"ambiguity":{"enum":["Error","Warning","Information","Hint","Fallback"],"description":"%config.diagnostics.ambiguity%","default":"Fallback","type":"string"},"type-check":{"enum":["Error","Warning","Information","Hint","Fallback"],"description":"%config.diagnostics.type-check%","default":"Fallback","type":"string"},"strict":{"enum":["Error","Warning","Information","Hint","Fallback"],"description":"%config.diagnostics.strict%","default":"Fallback","type":"string"},"unbalanced":{"enum":["Error","Warning","Information","Hint","Fallback"],"description":"%config.diagnostics.unbalanced%","default":"Fallback","type":"string"},"codestyle":{"enum":["Error","Warning","Information","Hint","Fallback"],"description":"%config.diagnostics.codestyle%","default":"Fallback","type":"string"},"unused":{"enum":["Error","Warning","Information","Hint","Fallback"],"description":"%config.diagnostics.unused%","default":"Fallback","type":"string"},"conventions":{"enum":["Error","Warning","Information","Hint","Fallback"],"description":"%config.diagnostics.conventions%","default":"Fallback","type":"string"},"global":{"enum":["Error","Warning","Information","Hint","Fallback"],"description":"%config.diagnostics.global%","default":"Fallback","type":"string"},"duplicate":{"enum":["Error","Warning","Information","Hint","Fallback"],"description":"%config.diagnostics.duplicate%","default":"Fallback","type":"string"},"redefined":{"enum":["Error","Warning","Information","Hint","Fallback"],"description":"%config.diagnostics.redefined%","default":"Fallback","type":"string"},"luadoc":{"enum":["Error","Warning","Information","Hint","Fallback"],"description":"%config.diagnostics.luadoc%","default":"Fallback","type":"string"}},"scope":"resource","type":"object","title":"groupSeverity","markdownDescription":"%config.diagnostics.groupSeverity%"},"Lua.type.checkTableShape":{"markdownDescription":"%config.type.checkTableShape%","scope":"resource","default":false,"type":"boolean"},"Lua.hint.paramName":{"enum":["All","Literal","Disable"],"default":"All","type":"string","scope":"resource","markdownEnumDescriptions":["%config.hint.paramName.All%","%config.hint.paramName.Literal%","%config.hint.paramName.Disable%"],"markdownDescription":"%config.hint.paramName%"},"Lua.diagnostics.ignoredFiles":{"enum":["Enable","Opened","Disable"],"default":"Opened","type":"string","scope":"resource","markdownEnumDescriptions":["%config.diagnostics.ignoredFiles.Enable%","%config.diagnostics.ignoredFiles.Opened%","%config.diagnostics.ignoredFiles.Disable%"],"markdownDescription":"%config.diagnostics.ignoredFiles%"},"Lua.type.castNumberToInteger":{"markdownDescription":"%config.type.castNumberToInteger%","scope":"resource","default":true,"type":"boolean"},"Lua.spell.dict":{"markdownDescription":"%config.spell.dict%","default":[],"items":{"type":"string"},"scope":"resource","type":"array"},"Lua.runtime.fileEncoding":{"enum":["utf8","ansi","utf16le","utf16be"],"default":"utf8","type":"string","scope":"resource","markdownEnumDescriptions":["%config.runtime.fileEncoding.utf8%","%config.runtime.fileEncoding.ansi%","%config.runtime.fileEncoding.utf16le%","%config.runtime.fileEncoding.utf16be%"],"markdownDescription":"%config.runtime.fileEncoding%"},"Lua.runtime.builtin":{"additionalProperties":false,"properties":{"table":{"enum":["default","enable","disable"],"description":"%config.runtime.builtin.table%","default":"default","type":"string"},"table.new":{"enum":["default","enable","disable"],"description":"%config.runtime.builtin.table.new%","default":"default","type":"string"},"builtin":{"enum":["default","enable","disable"],"description":"%config.runtime.builtin.builtin%","default":"default","type":"string"},"package":{"enum":["default","enable","disable"],"description":"%config.runtime.builtin.package%","default":"default","type":"string"},"io":{"enum":["default","enable","disable"],"description":"%config.runtime.builtin.io%","default":"default","type":"string"},"jit":{"enum":["default","enable","disable"],"description":"%config.runtime.builtin.jit%","default":"default","type":"string"},"string.buffer":{"enum":["default","enable","disable"],"description":"%config.runtime.builtin.string.buffer%","default":"default","type":"string"},"math":{"enum":["default","enable","disable"],"description":"%config.runtime.builtin.math%","default":"default","type":"string"},"utf8":{"enum":["default","enable","disable"],"description":"%config.runtime.builtin.utf8%","default":"default","type":"string"},"jit.profile":{"enum":["default","enable","disable"],"description":"%config.runtime.builtin.jit.profile%","default":"default","type":"string"},"jit.util":{"enum":["default","enable","disable"],"description":"%config.runtime.builtin.jit.util%","default":"default","type":"string"},"table.clear":{"enum":["default","enable","disable"],"description":"%config.runtime.builtin.table.clear%","default":"default","type":"string"},"os":{"enum":["default","enable","disable"],"description":"%config.runtime.builtin.os%","default":"default","type":"string"},"ffi":{"enum":["default","enable","disable"],"description":"%config.runtime.builtin.ffi%","default":"default","type":"string"},"basic":{"enum":["default","enable","disable"],"description":"%config.runtime.builtin.basic%","default":"default","type":"string"},"string":{"enum":["default","enable","disable"],"description":"%config.runtime.builtin.string%","default":"default","type":"string"},"bit32":{"enum":["default","enable","disable"],"description":"%config.runtime.builtin.bit32%","default":"default","type":"string"},"bit":{"enum":["default","enable","disable"],"description":"%config.runtime.builtin.bit%","default":"default","type":"string"},"coroutine":{"enum":["default","enable","disable"],"description":"%config.runtime.builtin.coroutine%","default":"default","type":"string"},"debug":{"enum":["default","enable","disable"],"description":"%config.runtime.builtin.debug%","default":"default","type":"string"}},"scope":"resource","type":"object","title":"builtin","markdownDescription":"%config.runtime.builtin%"},"Lua.diagnostics.libraryFiles":{"enum":["Enable","Opened","Disable"],"default":"Opened","type":"string","scope":"resource","markdownEnumDescriptions":["%config.diagnostics.libraryFiles.Enable%","%config.diagnostics.libraryFiles.Opened%","%config.diagnostics.libraryFiles.Disable%"],"markdownDescription":"%config.diagnostics.libraryFiles%"},"Lua.hint.paramType":{"markdownDescription":"%config.hint.paramType%","scope":"resource","default":true,"type":"boolean"},"Lua.hint.enable":{"markdownDescription":"%config.hint.enable%","scope":"resource","default":false,"type":"boolean"},"Lua.hint.semicolon":{"enum":["All","SameLine","Disable"],"default":"SameLine","type":"string","scope":"resource","markdownEnumDescriptions":["%config.hint.semicolon.All%","%config.hint.semicolon.SameLine%","%config.hint.semicolon.Disable%"],"markdownDescription":"%config.hint.semicolon%"},"Lua.diagnostics.severity":{"additionalProperties":false,"properties":{"unreachable-code":{"enum":["Error","Warning","Information","Hint","Error!","Warning!","Information!","Hint!"],"description":"%config.diagnostics.unreachable-code%","default":"Hint","type":"string"},"unused-function":{"enum":["Error","Warning","Information","Hint","Error!","Warning!","Information!","Hint!"],"description":"%config.diagnostics.unused-function%","default":"Hint","type":"string"},"unused-label":{"enum":["Error","Warning","Information","Hint","Error!","Warning!","Information!","Hint!"],"description":"%config.diagnostics.unused-label%","default":"Hint","type":"string"},"unused-local":{"enum":["Error","Warning","Information","Hint","Error!","Warning!","Information!","Hint!"],"description":"%config.diagnostics.unused-local%","default":"Hint","type":"string"},"unused-vararg":{"enum":["Error","Warning","Information","Hint","Error!","Warning!","Information!","Hint!"],"description":"%config.diagnostics.unused-vararg%","default":"Hint","type":"string"},"ambiguity-1":{"enum":["Error","Warning","Information","Hint","Error!","Warning!","Information!","Hint!"],"description":"%config.diagnostics.ambiguity-1%","default":"Warning","type":"string"},"doc-field-no-class":{"enum":["Error","Warning","Information","Hint","Error!","Warning!","Information!","Hint!"],"description":"%config.diagnostics.doc-field-no-class%","default":"Warning","type":"string"},"assign-type-mismatch":{"enum":["Error","Warning","Information","Hint","Error!","Warning!","Information!","Hint!"],"description":"%config.diagnostics.assign-type-mismatch%","default":"Warning","type":"string"},"await-in-sync":{"enum":["Error","Warning","Information","Hint","Error!","Warning!","Information!","Hint!"],"description":"%config.diagnostics.await-in-sync%","default":"Warning","type":"string"},"duplicate-doc-alias":{"enum":["Error","Warning","Information","Hint","Error!","Warning!","Information!","Hint!"],"description":"%config.diagnostics.duplicate-doc-alias%","default":"Warning","type":"string"},"duplicate-doc-field":{"enum":["Error","Warning","Information","Hint","Error!","Warning!","Information!","Hint!"],"description":"%config.diagnostics.duplicate-doc-field%","default":"Warning","type":"string"},"cast-local-type":{"enum":["Error","Warning","Information","Hint","Error!","Warning!","Information!","Hint!"],"description":"%config.diagnostics.cast-local-type%","default":"Warning","type":"string"},"cast-type-mismatch":{"enum":["Error","Warning","Information","Hint","Error!","Warning!","Information!","Hint!"],"description":"%config.diagnostics.cast-type-mismatch%","default":"Warning","type":"string"},"circle-doc-class":{"enum":["Error","Warning","Information","Hint","Error!","Warning!","Information!","Hint!"],"description":"%config.diagnostics.circle-doc-class%","default":"Warning","type":"string"},"close-non-object":{"enum":["Error","Warning","Information","Hint","Error!","Warning!","Information!","Hint!"],"description":"%config.diagnostics.close-non-object%","default":"Warning","type":"string"},"code-after-break":{"enum":["Error","Warning","Information","Hint","Error!","Warning!","Information!","Hint!"],"description":"%config.diagnostics.code-after-break%","default":"Hint","type":"string"},"codestyle-check":{"enum":["Error","Warning","Information","Hint","Error!","Warning!","Information!","Hint!"],"description":"%config.diagnostics.codestyle-check%","default":"Warning","type":"string"},"count-down-loop":{"enum":["Error","Warning","Information","Hint","Error!","Warning!","Information!","Hint!"],"description":"%config.diagnostics.count-down-loop%","default":"Warning","type":"string"},"different-requires":{"enum":["Error","Warning","Information","Hint","Error!","Warning!","Information!","Hint!"],"description":"%config.diagnostics.different-requires%","default":"Warning","type":"string"},"missing-fields":{"enum":["Error","Warning","Information","Hint","Error!","Warning!","Information!","Hint!"],"description":"%config.diagnostics.missing-fields%","default":"Warning","type":"string"},"missing-global-doc":{"enum":["Error","Warning","Information","Hint","Error!","Warning!","Information!","Hint!"],"description":"%config.diagnostics.missing-global-doc%","default":"Warning","type":"string"},"missing-local-export-doc":{"enum":["Error","Warning","Information","Hint","Error!","Warning!","Information!","Hint!"],"description":"%config.diagnostics.missing-local-export-doc%","default":"Warning","type":"string"},"missing-parameter":{"enum":["Error","Warning","Information","Hint","Error!","Warning!","Information!","Hint!"],"description":"%config.diagnostics.missing-parameter%","default":"Warning","type":"string"},"missing-return":{"enum":["Error","Warning","Information","Hint","Error!","Warning!","Information!","Hint!"],"description":"%config.diagnostics.missing-return%","default":"Warning","type":"string"},"missing-return-value":{"enum":["Error","Warning","Information","Hint","Error!","Warning!","Information!","Hint!"],"description":"%config.diagnostics.missing-return-value%","default":"Warning","type":"string"},"duplicate-set-field":{"enum":["Error","Warning","Information","Hint","Error!","Warning!","Information!","Hint!"],"description":"%config.diagnostics.duplicate-set-field%","default":"Warning","type":"string"},"empty-block":{"enum":["Error","Warning","Information","Hint","Error!","Warning!","Information!","Hint!"],"description":"%config.diagnostics.empty-block%","default":"Hint","type":"string"},"redundant-parameter":{"enum":["Error","Warning","Information","Hint","Error!","Warning!","Information!","Hint!"],"description":"%config.diagnostics.redundant-parameter%","default":"Warning","type":"string"},"redundant-return":{"enum":["Error","Warning","Information","Hint","Error!","Warning!","Information!","Hint!"],"description":"%config.diagnostics.redundant-return%","default":"Hint","type":"string"},"newfield-call":{"enum":["Error","Warning","Information","Hint","Error!","Warning!","Information!","Hint!"],"description":"%config.diagnostics.newfield-call%","default":"Warning","type":"string"},"newline-call":{"enum":["Error","Warning","Information","Hint","Error!","Warning!","Information!","Hint!"],"description":"%config.diagnostics.newline-call%","default":"Warning","type":"string"},"no-unknown":{"enum":["Error","Warning","Information","Hint","Error!","Warning!","Information!","Hint!"],"description":"%config.diagnostics.no-unknown%","default":"Warning","type":"string"},"redundant-value":{"enum":["Error","Warning","Information","Hint","Error!","Warning!","Information!","Hint!"],"description":"%config.diagnostics.redundant-value%","default":"Warning","type":"string"},"not-yieldable":{"enum":["Error","Warning","Information","Hint","Error!","Warning!","Information!","Hint!"],"description":"%config.diagnostics.not-yieldable%","default":"Warning","type":"string"},"param-type-mismatch":{"enum":["Error","Warning","Information","Hint","Error!","Warning!","Information!","Hint!"],"description":"%config.diagnostics.param-type-mismatch%","default":"Warning","type":"string"},"return-type-mismatch":{"enum":["Error","Warning","Information","Hint","Error!","Warning!","Information!","Hint!"],"description":"%config.diagnostics.return-type-mismatch%","default":"Warning","type":"string"},"global-element":{"enum":["Error","Warning","Information","Hint","Error!","Warning!","Information!","Hint!"],"description":"%config.diagnostics.global-element%","default":"Warning","type":"string"},"global-in-nil-env":{"enum":["Error","Warning","Information","Hint","Error!","Warning!","Information!","Hint!"],"description":"%config.diagnostics.global-in-nil-env%","default":"Warning","type":"string"},"incomplete-signature-doc":{"enum":["Error","Warning","Information","Hint","Error!","Warning!","Information!","Hint!"],"description":"%config.diagnostics.incomplete-signature-doc%","default":"Warning","type":"string"},"redundant-return-value":{"enum":["Error","Warning","Information","Hint","Error!","Warning!","Information!","Hint!"],"description":"%config.diagnostics.redundant-return-value%","default":"Warning","type":"string"},"inject-field":{"enum":["Error","Warning","Information","Hint","Error!","Warning!","Information!","Hint!"],"description":"%config.diagnostics.inject-field%","default":"Warning","type":"string"},"invisible":{"enum":["Error","Warning","Information","Hint","Error!","Warning!","Information!","Hint!"],"description":"%config.diagnostics.invisible%","default":"Warning","type":"string"},"trailing-space":{"enum":["Error","Warning","Information","Hint","Error!","Warning!","Information!","Hint!"],"description":"%config.diagnostics.trailing-space%","default":"Hint","type":"string"},"spell-check":{"enum":["Error","Warning","Information","Hint","Error!","Warning!","Information!","Hint!"],"description":"%config.diagnostics.spell-check%","default":"Information","type":"string"},"lowercase-global":{"enum":["Error","Warning","Information","Hint","Error!","Warning!","Information!","Hint!"],"description":"%config.diagnostics.lowercase-global%","default":"Information","type":"string"},"unbalanced-assignments":{"enum":["Error","Warning","Information","Hint","Error!","Warning!","Information!","Hint!"],"description":"%config.diagnostics.unbalanced-assignments%","default":"Warning","type":"string"},"undefined-doc-class":{"enum":["Error","Warning","Information","Hint","Error!","Warning!","Information!","Hint!"],"description":"%config.diagnostics.undefined-doc-class%","default":"Warning","type":"string"},"undefined-doc-name":{"enum":["Error","Warning","Information","Hint","Error!","Warning!","Information!","Hint!"],"description":"%config.diagnostics.undefined-doc-name%","default":"Warning","type":"string"},"undefined-doc-param":{"enum":["Error","Warning","Information","Hint","Error!","Warning!","Information!","Hint!"],"description":"%config.diagnostics.undefined-doc-param%","default":"Warning","type":"string"},"undefined-env-child":{"enum":["Error","Warning","Information","Hint","Error!","Warning!","Information!","Hint!"],"description":"%config.diagnostics.undefined-env-child%","default":"Information","type":"string"},"undefined-field":{"enum":["Error","Warning","Information","Hint","Error!","Warning!","Information!","Hint!"],"description":"%config.diagnostics.undefined-field%","default":"Warning","type":"string"},"undefined-global":{"enum":["Error","Warning","Information","Hint","Error!","Warning!","Information!","Hint!"],"description":"%config.diagnostics.undefined-global%","default":"Warning","type":"string"},"redefined-local":{"enum":["Error","Warning","Information","Hint","Error!","Warning!","Information!","Hint!"],"description":"%config.diagnostics.redefined-local%","default":"Hint","type":"string"},"need-check-nil":{"enum":["Error","Warning","Information","Hint","Error!","Warning!","Information!","Hint!"],"description":"%config.diagnostics.need-check-nil%","default":"Warning","type":"string"},"name-style-check":{"enum":["Error","Warning","Information","Hint","Error!","Warning!","Information!","Hint!"],"description":"%config.diagnostics.name-style-check%","default":"Warning","type":"string"},"deprecated":{"enum":["Error","Warning","Information","Hint","Error!","Warning!","Information!","Hint!"],"description":"%config.diagnostics.deprecated%","default":"Warning","type":"string"},"duplicate-index":{"enum":["Error","Warning","Information","Hint","Error!","Warning!","Information!","Hint!"],"description":"%config.diagnostics.duplicate-index%","default":"Warning","type":"string"},"duplicate-doc-param":{"enum":["Error","Warning","Information","Hint","Error!","Warning!","Information!","Hint!"],"description":"%config.diagnostics.duplicate-doc-param%","default":"Warning","type":"string"},"unknown-cast-variable":{"enum":["Error","Warning","Information","Hint","Error!","Warning!","Information!","Hint!"],"description":"%config.diagnostics.unknown-cast-variable%","default":"Warning","type":"string"},"unknown-diag-code":{"enum":["Error","Warning","Information","Hint","Error!","Warning!","Information!","Hint!"],"description":"%config.diagnostics.unknown-diag-code%","default":"Warning","type":"string"},"unknown-operator":{"enum":["Error","Warning","Information","Hint","Error!","Warning!","Information!","Hint!"],"description":"%config.diagnostics.unknown-operator%","default":"Warning","type":"string"},"discard-returns":{"enum":["Error","Warning","Information","Hint","Error!","Warning!","Information!","Hint!"],"description":"%config.diagnostics.discard-returns%","default":"Warning","type":"string"}},"scope":"resource","type":"object","title":"severity","markdownDescription":"%config.diagnostics.severity%"},"Lua.diagnostics.neededFileStatus":{"additionalProperties":false,"properties":{"unreachable-code":{"enum":["Any","Opened","None","Any!","Opened!","None!"],"description":"%config.diagnostics.unreachable-code%","default":"Opened","type":"string"},"unused-function":{"enum":["Any","Opened","None","Any!","Opened!","None!"],"description":"%config.diagnostics.unused-function%","default":"Opened","type":"string"},"unused-label":{"enum":["Any","Opened","None","Any!","Opened!","None!"],"description":"%config.diagnostics.unused-label%","default":"Opened","type":"string"},"unused-local":{"enum":["Any","Opened","None","Any!","Opened!","None!"],"description":"%config.diagnostics.unused-local%","default":"Opened","type":"string"},"unused-vararg":{"enum":["Any","Opened","None","Any!","Opened!","None!"],"description":"%config.diagnostics.unused-vararg%","default":"Opened","type":"string"},"ambiguity-1":{"enum":["Any","Opened","None","Any!","Opened!","None!"],"description":"%config.diagnostics.ambiguity-1%","default":"Any","type":"string"},"doc-field-no-class":{"enum":["Any","Opened","None","Any!","Opened!","None!"],"description":"%config.diagnostics.doc-field-no-class%","default":"Any","type":"string"},"assign-type-mismatch":{"enum":["Any","Opened","None","Any!","Opened!","None!"],"description":"%config.diagnostics.assign-type-mismatch%","default":"Opened","type":"string"},"await-in-sync":{"enum":["Any","Opened","None","Any!","Opened!","None!"],"description":"%config.diagnostics.await-in-sync%","default":"None","type":"string"},"duplicate-doc-alias":{"enum":["Any","Opened","None","Any!","Opened!","None!"],"description":"%config.diagnostics.duplicate-doc-alias%","default":"Any","type":"string"},"duplicate-doc-field":{"enum":["Any","Opened","None","Any!","Opened!","None!"],"description":"%config.diagnostics.duplicate-doc-field%","default":"Any","type":"string"},"cast-local-type":{"enum":["Any","Opened","None","Any!","Opened!","None!"],"description":"%config.diagnostics.cast-local-type%","default":"Opened","type":"string"},"cast-type-mismatch":{"enum":["Any","Opened","None","Any!","Opened!","None!"],"description":"%config.diagnostics.cast-type-mismatch%","default":"Opened","type":"string"},"circle-doc-class":{"enum":["Any","Opened","None","Any!","Opened!","None!"],"description":"%config.diagnostics.circle-doc-class%","default":"Any","type":"string"},"close-non-object":{"enum":["Any","Opened","None","Any!","Opened!","None!"],"description":"%config.diagnostics.close-non-object%","default":"Any","type":"string"},"code-after-break":{"enum":["Any","Opened","None","Any!","Opened!","None!"],"description":"%config.diagnostics.code-after-break%","default":"Opened","type":"string"},"codestyle-check":{"enum":["Any","Opened","None","Any!","Opened!","None!"],"description":"%config.diagnostics.codestyle-check%","default":"None","type":"string"},"count-down-loop":{"enum":["Any","Opened","None","Any!","Opened!","None!"],"description":"%config.diagnostics.count-down-loop%","default":"Any","type":"string"},"different-requires":{"enum":["Any","Opened","None","Any!","Opened!","None!"],"description":"%config.diagnostics.different-requires%","default":"Any","type":"string"},"missing-fields":{"enum":["Any","Opened","None","Any!","Opened!","None!"],"description":"%config.diagnostics.missing-fields%","default":"Any","type":"string"},"missing-global-doc":{"enum":["Any","Opened","None","Any!","Opened!","None!"],"description":"%config.diagnostics.missing-global-doc%","default":"None","type":"string"},"missing-local-export-doc":{"enum":["Any","Opened","None","Any!","Opened!","None!"],"description":"%config.diagnostics.missing-local-export-doc%","default":"None","type":"string"},"missing-parameter":{"enum":["Any","Opened","None","Any!","Opened!","None!"],"description":"%config.diagnostics.missing-parameter%","default":"Any","type":"string"},"missing-return":{"enum":["Any","Opened","None","Any!","Opened!","None!"],"description":"%config.diagnostics.missing-return%","default":"Any","type":"string"},"missing-return-value":{"enum":["Any","Opened","None","Any!","Opened!","None!"],"description":"%config.diagnostics.missing-return-value%","default":"Any","type":"string"},"duplicate-set-field":{"enum":["Any","Opened","None","Any!","Opened!","None!"],"description":"%config.diagnostics.duplicate-set-field%","default":"Opened","type":"string"},"empty-block":{"enum":["Any","Opened","None","Any!","Opened!","None!"],"description":"%config.diagnostics.empty-block%","default":"Opened","type":"string"},"redundant-parameter":{"enum":["Any","Opened","None","Any!","Opened!","None!"],"description":"%config.diagnostics.redundant-parameter%","default":"Any","type":"string"},"redundant-return":{"enum":["Any","Opened","None","Any!","Opened!","None!"],"description":"%config.diagnostics.redundant-return%","default":"Opened","type":"string"},"newfield-call":{"enum":["Any","Opened","None","Any!","Opened!","None!"],"description":"%config.diagnostics.newfield-call%","default":"Any","type":"string"},"newline-call":{"enum":["Any","Opened","None","Any!","Opened!","None!"],"description":"%config.diagnostics.newline-call%","default":"Any","type":"string"},"no-unknown":{"enum":["Any","Opened","None","Any!","Opened!","None!"],"description":"%config.diagnostics.no-unknown%","default":"None","type":"string"},"redundant-value":{"enum":["Any","Opened","None","Any!","Opened!","None!"],"description":"%config.diagnostics.redundant-value%","default":"Any","type":"string"},"not-yieldable":{"enum":["Any","Opened","None","Any!","Opened!","None!"],"description":"%config.diagnostics.not-yieldable%","default":"None","type":"string"},"param-type-mismatch":{"enum":["Any","Opened","None","Any!","Opened!","None!"],"description":"%config.diagnostics.param-type-mismatch%","default":"Opened","type":"string"},"return-type-mismatch":{"enum":["Any","Opened","None","Any!","Opened!","None!"],"description":"%config.diagnostics.return-type-mismatch%","default":"Opened","type":"string"},"global-element":{"enum":["Any","Opened","None","Any!","Opened!","None!"],"description":"%config.diagnostics.global-element%","default":"None","type":"string"},"global-in-nil-env":{"enum":["Any","Opened","None","Any!","Opened!","None!"],"description":"%config.diagnostics.global-in-nil-env%","default":"Any","type":"string"},"incomplete-signature-doc":{"enum":["Any","Opened","None","Any!","Opened!","None!"],"description":"%config.diagnostics.incomplete-signature-doc%","default":"None","type":"string"},"redundant-return-value":{"enum":["Any","Opened","None","Any!","Opened!","None!"],"description":"%config.diagnostics.redundant-return-value%","default":"Any","type":"string"},"inject-field":{"enum":["Any","Opened","None","Any!","Opened!","None!"],"description":"%config.diagnostics.inject-field%","default":"Opened","type":"string"},"invisible":{"enum":["Any","Opened","None","Any!","Opened!","None!"],"description":"%config.diagnostics.invisible%","default":"Any","type":"string"},"trailing-space":{"enum":["Any","Opened","None","Any!","Opened!","None!"],"description":"%config.diagnostics.trailing-space%","default":"Opened","type":"string"},"spell-check":{"enum":["Any","Opened","None","Any!","Opened!","None!"],"description":"%config.diagnostics.spell-check%","default":"None","type":"string"},"lowercase-global":{"enum":["Any","Opened","None","Any!","Opened!","None!"],"description":"%config.diagnostics.lowercase-global%","default":"Any","type":"string"},"unbalanced-assignments":{"enum":["Any","Opened","None","Any!","Opened!","None!"],"description":"%config.diagnostics.unbalanced-assignments%","default":"Any","type":"string"},"undefined-doc-class":{"enum":["Any","Opened","None","Any!","Opened!","None!"],"description":"%config.diagnostics.undefined-doc-class%","default":"Any","type":"string"},"undefined-doc-name":{"enum":["Any","Opened","None","Any!","Opened!","None!"],"description":"%config.diagnostics.undefined-doc-name%","default":"Any","type":"string"},"undefined-doc-param":{"enum":["Any","Opened","None","Any!","Opened!","None!"],"description":"%config.diagnostics.undefined-doc-param%","default":"Any","type":"string"},"undefined-env-child":{"enum":["Any","Opened","None","Any!","Opened!","None!"],"description":"%config.diagnostics.undefined-env-child%","default":"Any","type":"string"},"undefined-field":{"enum":["Any","Opened","None","Any!","Opened!","None!"],"description":"%config.diagnostics.undefined-field%","default":"Opened","type":"string"},"undefined-global":{"enum":["Any","Opened","None","Any!","Opened!","None!"],"description":"%config.diagnostics.undefined-global%","default":"Any","type":"string"},"redefined-local":{"enum":["Any","Opened","None","Any!","Opened!","None!"],"description":"%config.diagnostics.redefined-local%","default":"Opened","type":"string"},"need-check-nil":{"enum":["Any","Opened","None","Any!","Opened!","None!"],"description":"%config.diagnostics.need-check-nil%","default":"Opened","type":"string"},"name-style-check":{"enum":["Any","Opened","None","Any!","Opened!","None!"],"description":"%config.diagnostics.name-style-check%","default":"None","type":"string"},"deprecated":{"enum":["Any","Opened","None","Any!","Opened!","None!"],"description":"%config.diagnostics.deprecated%","default":"Any","type":"string"},"duplicate-index":{"enum":["Any","Opened","None","Any!","Opened!","None!"],"description":"%config.diagnostics.duplicate-index%","default":"Any","type":"string"},"duplicate-doc-param":{"enum":["Any","Opened","None","Any!","Opened!","None!"],"description":"%config.diagnostics.duplicate-doc-param%","default":"Any","type":"string"},"unknown-cast-variable":{"enum":["Any","Opened","None","Any!","Opened!","None!"],"description":"%config.diagnostics.unknown-cast-variable%","default":"Any","type":"string"},"unknown-diag-code":{"enum":["Any","Opened","None","Any!","Opened!","None!"],"description":"%config.diagnostics.unknown-diag-code%","default":"Any","type":"string"},"unknown-operator":{"enum":["Any","Opened","None","Any!","Opened!","None!"],"description":"%config.diagnostics.unknown-operator%","default":"Any","type":"string"},"discard-returns":{"enum":["Any","Opened","None","Any!","Opened!","None!"],"description":"%config.diagnostics.discard-returns%","default":"Any","type":"string"}},"scope":"resource","type":"object","title":"neededFileStatus","markdownDescription":"%config.diagnostics.neededFileStatus%"},"Lua.completion.workspaceWord":{"markdownDescription":"%config.completion.workspaceWord%","scope":"resource","default":true,"type":"boolean"},"Lua.runtime.meta":{"markdownDescription":"%config.runtime.meta%","scope":"resource","default":"${version} ${language} ${encoding}","type":"string"},"Lua.completion.displayContext":{"markdownDescription":"%config.completion.displayContext%","scope":"resource","default":0,"type":"integer"},"Lua.hint.setType":{"markdownDescription":"%config.hint.setType%","scope":"resource","default":false,"type":"boolean"},"Lua.runtime.nonstandardSymbol":{"markdownDescription":"%config.runtime.nonstandardSymbol%","default":[],"items":{"enum":["//","/**/","`","+=","-=","*=","/=","%=","^=","//=","|=","&=","<<=",">>=","||","&&","!","!=","continue"],"type":"string"},"scope":"resource","type":"array"},"Lua.hover.enable":{"markdownDescription":"%config.hover.enable%","scope":"resource","default":true,"type":"boolean"},"Lua.addonManager.repositoryPath":{"markdownDescription":"%config.addonManager.repositoryPath%","scope":"resource","default":"","type":"string"},"Lua.hover.enumsLimit":{"markdownDescription":"%config.hover.enumsLimit%","scope":"resource","default":5,"type":"integer"}}}